Vectorizer,Model,Scaler,Val Accuracy,Test Accuracy,Val Precision,Test Precision,Val Recall,Test Recall,Val F1 Score,Test F1 Score
BOW Unigram,Decision Tree,None,0.8613629767225867,0.8367245657568239,0.9766223358379019,0.9667165248544558,0.7404623089936714,0.6975124378109453,0.8405615846465689,0.8088130806634094
BOW Bigram,Decision Tree,None,0.854503589326832,0.8545905707196029,0.9778364847661223,0.9757356329396234,0.7258359019422503,0.7283582089552239,0.8239037940764412,0.8293987990751068
BOW Trigram,Decision Tree,None,0.8682184942241828,0.8441687344913152,0.9424641498390403,0.9386494061123717,0.8042640165463929,0.7611940298507462,0.8584441435547492,0.8275694046405077
TF-IDF Unigram,Decision Tree,None,0.8471449855846442,0.8307692307692307,0.9834545454545456,0.9895214632325494,0.7116766778281545,0.6686567164179105,0.8148305250491378,0.7907711390448695
TF-IDF Bigram,Decision Tree,None,0.8588939842495307,0.8426799007444169,0.9365369395275938,0.9163972069892534,0.7880880550059596,0.7691542288557214,0.8444201071605194,0.8257427238465898
TF-IDF Trigram,Decision Tree,None,0.9005785491766801,0.8729528535980149,0.9958620689655173,0.9711732229123534,0.8039665574898045,0.7691542288557215,0.88697482825316,0.856717585658766
Word2Vec,Decision Tree,None,0.9788703778951646,0.9692307692307693,0.9696018195053231,0.9583872228456238,0.9886876605347943,0.9810945273631841,0.9790192321310425,0.9695332922250867
