Vectorizer,Model,Scaler,Val Accuracy,Test Accuracy,Val Precision,Test Precision,Val Recall,Test Recall,Val F1 Score,Test F1 Score
BOW Unigram,Logistic Regression,None,0.9962732919254659,0.9985111662531019,0.9987341772151899,1.0,0.9936596736596737,0.9970149253731343,0.9961597740321144,0.9984962406015038
BOW Bigram,Logistic Regression,None,0.9987577639751553,0.9965260545905708,0.9987341772151899,0.9930985709408379,0.9987878787878788,1.0,0.998757176629517,0.9965334250546644
BOW Trigram,Logistic Regression,None,0.998136645962733,0.9955334987593052,0.9975220560030686,0.9911281275910842,0.9987878787878788,1.0,0.9981529581529582,0.9955433260447633
TF-IDF Unigram,Logistic Regression,None,0.9925427139567733,0.9890818858560795,1.0,1.0,0.9850215515926116,0.9781094527363183,0.9924319904892502,0.9889243947973896
TF-IDF Bigram,Logistic Regression,None,0.9925427139567733,0.9870967741935484,1.0,1.0,0.9850215515926116,0.9741293532338309,0.9924319904892502,0.9868889904065783
TF-IDF Trigram,Logistic Regression,None,0.9906793599195062,0.9826302729528535,1.0,1.0,0.9813160328350501,0.9651741293532339,0.990550225179172,0.9822550375774608
Word2Vec,Logistic Regression,None,0.7774907606276968,0.7925558312655087,0.8294320559014003,0.8290589531887868,0.7010981155276073,0.736318407960199,0.757368795843923,0.7794171030673358
