Vectorizer,Model,Scaler,Val Accuracy,Test Accuracy,Val Precision,Test Precision,Val Recall,Test Recall,Val F1 Score,Test F1 Score
BOW Unigram,Logistic Regression l1,None,0.9818886292834892,0.9865336658354116,0.970759941129143,0.9746386501557762,0.9936939009879644,0.999,0.9820455481816662,0.9866666305382591
BOW Bigram,Logistic Regression l1,None,0.9775136292834891,0.9850374064837905,0.9646960159602816,0.9745525628249618,0.9912399132579031,0.9960000000000001,0.9777475942103964,0.9851557943221948
BOW Trigram,Logistic Regression l1,None,0.9793886292834891,0.9865336658354116,0.9659940674959205,0.9746386501557762,0.9936939009879644,0.999,0.9796108311873765,0.9866666305382591
TF-IDF Unigram,Logistic Regression l1,None,0.9575369937694704,0.9695760598503741,0.9452164648039195,0.9673257326708852,0.9714256444559218,0.9719999999999999,0.9581145510324358,0.9695678360065388
TF-IDF Bigram,Logistic Regression l1,None,0.9350525700934579,0.9336658354114714,0.9307175721924829,0.9213431620892883,0.9397490820667231,0.9480000000000001,0.935149949346717,0.9344451898684939
TF-IDF Trigram,Logistic Regression l1,None,0.9144353582554517,0.9197007481296758,0.9208847194461182,0.915886130419062,0.9079527623862195,0.924,0.9136994875211799,0.9197955843213874
Word2Vec,Logistic Regression l1,None,0.6939232866043614,0.6992518703241896,0.7321142091950602,0.7269683560300758,0.6149580237067162,0.636,0.6678961561454118,0.6782767873860086
