Vectorizer,Model,Scaler,Val Accuracy,Test Accuracy,Val Precision,Test Precision,Val Recall,Test Recall,Val F1 Score,Test F1 Score
BOW Unigram,Gradiente Boosting L1,None,0.995029120953542,0.9925558312655088,1.0,1.0,0.9899466732322033,0.9850746268656716,0.9949287229563082,0.9924812030075187
BOW Bigram,Gradiente Boosting L1,None,0.995029120953542,0.9925558312655088,1.0,1.0,0.9899466732322033,0.9850746268656716,0.9949287229563082,0.9924812030075187
BOW Trigram,Gradiente Boosting L1,None,0.995029120953542,0.9925558312655088,1.0,1.0,0.9899466732322033,0.9850746268656716,0.9949287229563082,0.9924812030075187
TF-IDF Unigram,Gradiente Boosting L1,None,0.9937868849286973,0.9851116625310172,0.9974683544303797,0.9860496512412809,0.9899466732322033,0.9840796019900496,0.9936629386873289,0.9850597014925372
TF-IDF Bigram,Gradiente Boosting L1,None,0.9925446489038526,0.9771712158808933,0.9950367210231367,0.970559258186033,0.9899466732322033,0.9840796019900496,0.9924508399402017,0.9772717271727173
TF-IDF Trigram,Gradiente Boosting L1,None,0.9900582419070838,0.9796526054590571,0.9913338910578174,0.9755236728837877,0.9887345520200821,0.9840796019900496,0.9899741022792684,0.9797305080410261
Word2Vec,Gradiente Boosting L1,None,0.9950310559006212,0.996029776674938,0.9926983871029667,0.9940739894149697,0.9975757575757577,0.9980099502487562,0.9950969509799578,0.9960297460717363
