Vectorizer,Model,Scaler,Val Accuracy,Test Accuracy,Val Precision,Test Precision,Val Recall,Test Recall,Val F1 Score,Test F1 Score
BOW Unigram,Logistic Regression l1,None,0.9944080029411196,0.9920595533498758,1.0,1.0,0.9887345520200821,0.9840796019900496,0.994313372766109,0.9919749121547587
BOW Bigram,Logistic Regression l1,None,0.9944080029411196,0.9920595533498758,1.0,1.0,0.9887345520200821,0.9840796019900496,0.994313372766109,0.9919749121547587
BOW Trigram,Logistic Regression l1,None,0.9944080029411196,0.9920595533498758,1.0,1.0,0.9887345520200821,0.9840796019900496,0.994313372766109,0.9919749121547587
TF-IDF Unigram,Logistic Regression l1,None,0.9925427139567733,0.9870967741935484,1.0,1.0,0.9850215515926116,0.9741293532338308,0.9924319904892502,0.9868941302190672
TF-IDF Bigram,Logistic Regression l1,None,0.9894371238946615,0.9836228287841191,1.0,1.0,0.978923990617002,0.9671641791044777,0.989336015257052,0.9832591757528786
TF-IDF Trigram,Logistic Regression l1,None,0.984462374954045,0.9766749379652607,0.9987341772151899,1.0,0.9703945241734251,0.9532338308457712,0.9843365506728835,0.9759707196897434
Word2Vec,Logistic Regression l1,None,0.7893036125461969,0.8004962779156328,0.83934419004952,0.8372329919827391,0.7158852139370919,0.745273631840796,0.7705765090464307,0.7880291697290234
