Vectorizer,Model,Scaler,Val Accuracy,Test Accuracy,Val Precision,Test Precision,Val Recall,Test Recall,Val F1 Score,Test F1 Score
BOW Unigram,Decision Tree Regularizado,None,0.677196275351014,0.6674157303370787,0.6773208370578517,0.6566141181357492,0.7278996293655341,0.7259640102827764,0.6940088317264881,0.6818055513991595
BOW Bigram,Decision Tree Regularizado,None,0.6303714898595943,0.6299625468164793,0.7139060056984528,0.6983501613823272,0.6644065830811223,0.6663239074550129,0.5795658434359778,0.5738160803014452
BOW Trigram,Decision Tree Regularizado,None,0.6550087753510139,0.6526841448189763,0.6621852895168907,0.6517601975175522,0.7185686303549506,0.7331619537275065,0.6567957320625368,0.660759157868019
TF-IDF Unigram,Decision Tree Regularizado,None,0.6759170241809673,0.6696629213483146,0.6570029678975777,0.6406076015248813,0.8043824068183362,0.8025706940874036,0.7142116301557438,0.7042563667018957
TF-IDF Bigram,Decision Tree Regularizado,None,0.6712548751950077,0.6886392009987514,0.8229937128071991,0.8173233210303611,0.5525224415579253,0.5727506426735218,0.5752023842667925,0.5936337285530178
TF-IDF Trigram,Decision Tree Regularizado,None,0.6365937012480499,0.621972534332085,0.6380055713531141,0.6266767364635546,0.8724243782814819,0.8678663239074551,0.6935806689043812,0.6759864713996715
Word2Vec,Decision Tree Regularizado,None,0.8545115054602185,0.8566791510611736,0.8935513095023039,0.8729711337445796,0.8071218926385064,0.8257069408740361,0.8472778789949562,0.8482871043895173
