Vectorizer,Model,Scaler,Val Accuracy,Test Accuracy,Val Precision,Test Precision,Val Recall,Test Recall,Val F1 Score,Test F1 Score
BOW Unigram,Logistic Regression,None,0.9862577881619936,0.9860349127182045,0.9768753195790225,0.97423743109551,0.9962359228860469,0.9979695431472081,0.986447867732325,0.9859573179179103
BOW Bigram,Logistic Regression,None,0.9862577881619936,0.9865336658354116,0.9768753195790225,0.9751982660952663,0.9962359228860469,0.9979695431472081,0.986447867732325,0.9864510522537498
BOW Trigram,Logistic Regression,None,0.9875058411214953,0.9865336658354116,0.9791601013007689,0.9751982660952663,0.9962359228860469,0.9979695431472081,0.9876105075475483,0.9864510522537498
TF-IDF Unigram,Logistic Regression,None,0.9806327881619937,0.9875311720698254,0.9777021442272043,0.9838739150296938,0.9837931340521784,0.9908629441624365,0.9807073354529379,0.9873545582406342
TF-IDF Bigram,Logistic Regression,None,0.9887558411214954,0.9920199501246882,0.9816050624370078,0.9898887350664001,0.9962359228860469,0.9939086294416244,0.9888602542105349,0.9918935937801194
TF-IDF Trigram,Logistic Regression,None,0.9887558411214954,0.9940149625935162,0.9816050624370078,0.9899294452058272,0.9962359228860469,0.9979695431472081,0.9888602542105349,0.9939317222861526
Word2Vec,Logistic Regression,None,0.7052083333333333,0.7346633416458852,0.7682921468395152,0.7698105965926174,0.5922760006190013,0.6568527918781726,0.6680740894391831,0.708718961504059
