Vectorizer,Model,Scaler,Val Accuracy,Test Accuracy,Val Precision,Test Precision,Val Recall,Test Recall,Val F1 Score,Test F1 Score
BOW Unigram,Logistic Regression,None,0.996892474990809,1.0,0.9950048049812963,1.0,0.9987341772151899,1.0,0.9968558897911031,1.0
BOW Bigram,Logistic Regression,None,0.9968944099378882,0.9990074441687344,0.9950903335478376,0.9980099502487562,0.9987341772151899,1.0,0.9969029537429084,0.999002493765586
BOW Trigram,Logistic Regression,None,0.9968944099378882,0.9985111662531017,0.9950903335478376,0.9970149253731343,0.9987341772151899,1.0,0.9969029537429084,0.9985037406483791
TF-IDF Unigram,Logistic Regression,None,0.9906774249724271,0.9970223325062035,1.0,1.0,0.9811937116038049,0.994,0.9904984602065106,0.9969899623430434
TF-IDF Bigram,Logistic Regression,None,0.9906774249724271,0.9970223325062035,1.0,1.0,0.9811937116038049,0.994,0.9904984602065106,0.9969899623430434
TF-IDF Trigram,Logistic Regression,None,0.9906774249724271,0.9970223325062035,1.0,1.0,0.9811937116038049,0.994,0.9904984602065106,0.9969899623430434
Word2Vec,Logistic Regression,None,0.7551479267042047,0.7409429280397022,0.9138919994488026,0.858506144393241,0.5655912515279395,0.5730000000000001,0.6979253073757544,0.6861609902913941
