Vectorizer,Model,Scaler,Val Accuracy,Test Accuracy,Val Precision,Test Precision,Val Recall,Test Recall,Val F1 Score,Test F1 Score
BOW Unigram,Decision Tree Regularizado,None,0.7127180685358254,0.7266832917705736,0.6607206233421751,0.6607139513871145,0.8907360028664417,0.9228426395939087,0.757423284257581,0.7690279769878815
BOW Bigram,Decision Tree Regularizado,None,0.6614408099688474,0.6763092269326684,0.614773562923907,0.6155705925131219,0.9223439607970436,0.9532994923857867,0.7335672426275062,0.7451309681585482
BOW Trigram,Decision Tree Regularizado,None,0.6239894859813084,0.628927680798005,0.5814397269849139,0.577747119364363,0.9161878298612347,0.9289340101522843,0.7092914068531894,0.7109652613632595
TF-IDF Unigram,Decision Tree Regularizado,None,0.6964602803738318,0.6847880299251871,0.6465780158324947,0.6259921155925069,0.9296758967458023,0.9451776649746193,0.7583418121486529,0.7501374595205867
TF-IDF Bigram,Decision Tree Regularizado,None,0.6932924454828661,0.6862842892768078,0.6376691538818808,0.6249420861152266,0.9045524261790799,0.915736040609137,0.7474380325968406,0.7419999791171452
TF-IDF Trigram,Decision Tree Regularizado,None,0.7270132398753895,0.7077306733167081,0.6928987943118671,0.6620529067404801,0.8769500574973066,0.8741116751269036,0.7664495289583126,0.7477431790938898
Word2Vec,Decision Tree Regularizado,None,0.8644489875389407,0.8648379052369078,0.9226355727544645,0.9184098345832794,0.7964360490020745,0.7969543147208122,0.8543852400875436,0.8529251451682548
