Vectorizer,Model,Scaler,Val Accuracy,Test Accuracy,Val Precision,Test Precision,Val Recall,Test Recall,Val F1 Score,Test F1 Score
BOW Unigram,Gradiente Boosting L1,None,0.9806327881619937,0.9885286783042394,0.9649510081888263,0.9810098002450062,0.9975262454666922,0.9959390862944162,0.9809285435446963,0.9884156042150043
BOW Bigram,Gradiente Boosting L1,None,0.9825077881619938,0.9880299251870325,0.9683987709602808,0.9809947248681219,0.9975262454666922,0.9949238578680204,0.982723082440525,0.9879067372073967
BOW Trigram,Gradiente Boosting L1,None,0.9825077881619938,0.9880299251870325,0.9683987709602808,0.9800395009875247,0.9975262454666922,0.9959390862944162,0.982723082440525,0.9879193949545708
TF-IDF Unigram,Gradiente Boosting L1,None,0.9856308411214953,0.9865336658354116,0.9744468072695854,0.9770942810698979,0.9975262454666922,0.9959390862944162,0.9858215291849497,0.986423268657321
TF-IDF Bigram,Gradiente Boosting L1,None,0.9862577881619938,0.9860349127182045,0.9756446514262199,0.9752215393620135,0.9974193548387097,0.9969543147208121,0.9864063956514816,0.9859571543780827
TF-IDF Trigram,Gradiente Boosting L1,None,0.9850077881619936,0.9860349127182045,0.972116059384833,0.9733205891723647,0.9987096774193548,0.998984771573604,0.9852235271247013,0.9859798994974873
Word2Vec,Gradiente Boosting L1,None,0.9775019470404984,0.9795511221945137,0.9585834296976772,0.9601957783448164,0.9988165680473372,1.0,0.9781615284550249,0.9796540205506499
