Vectorizer,Model,Scaler,Val Accuracy,Test Accuracy,Val Precision,Test Precision,Val Recall,Test Recall,Val F1 Score,Test F1 Score
BOW Unigram,Decision Tree,None,0.5998457739557781,0.5985407066052227,0.6060683975468625,0.6030166178560158,0.7307982422418348,0.7322425409047161,0.6360970965172799,0.6353388696923681
BOW Bigram,Decision Tree,None,0.5623338058822401,0.5647465437788018,0.6308669993372389,0.6319241876562397,0.708162690767858,0.7134552454282964,0.5700556618303333,0.5747616910336397
BOW Trigram,Decision Tree,None,0.5703510252748084,0.5741551459293394,0.6542002068614093,0.6617598885958984,0.6926811801162956,0.6987872954764196,0.5524036982037319,0.558676533365971
TF-IDF Unigram,Decision Tree,None,0.6085590039060035,0.6103686635944701,0.7467097356722147,0.7457925493816159,0.48192580526941187,0.4832723772858518,0.5030624632473305,0.5041804605034516
TF-IDF Bigram,Decision Tree,None,0.5995088358503136,0.6041090629800309,0.8752667673218564,0.8851292991774006,0.22831116704433319,0.2356881616939365,0.33980114230627834,0.34902373964185773
TF-IDF Trigram,Decision Tree,None,0.6127830662914466,0.6147081413210446,0.8358259269873518,0.8314897549606644,0.28581250022607435,0.2909720885466795,0.3872622612233366,0.3924660538382031
Word2Vec,Decision Tree,None,0.8343895013601792,0.8318548387096774,0.8128919663947037,0.8089506300166545,0.8696566380799844,0.8684889316650626,0.8400745453196024,0.8374647246133733
