Vectorizer,Model,Scaler,Val Accuracy,Test Accuracy,Val Precision,Test Precision,Val Recall,Test Recall,Val F1 Score,Test F1 Score
BOW Unigram,Gradiente Boosting,None,0.995029120953542,0.9925558312655088,1.0,1.0,0.9899466732322033,0.9850746268656716,0.9949287229563082,0.9924812030075187
BOW Bigram,Gradiente Boosting,None,0.995029120953542,0.9925558312655088,1.0,1.0,0.9899466732322033,0.9850746268656716,0.9949287229563082,0.9924812030075187
BOW Trigram,Gradiente Boosting,None,0.995029120953542,0.9925558312655088,1.0,1.0,0.9899466732322033,0.9850746268656716,0.9949287229563082,0.9924812030075187
TF-IDF Unigram,Gradiente Boosting,None,0.9937868849286973,0.9851116625310175,0.9974683544303797,0.9860447761194029,0.9899466732322033,0.9840796019900496,0.9936629386873289,0.9850597387129192
TF-IDF Bigram,Gradiente Boosting,None,0.993165766916275,0.9771712158808933,0.9962562332182585,0.970559258186033,0.9899466732322033,0.9840796019900496,0.9930550359517666,0.9772717271727173
TF-IDF Trigram,Gradiente Boosting,None,0.9906793599195064,0.9796526054590571,0.9925608849228482,0.9755236728837877,0.9887345520200821,0.9840796019900496,0.9905782642841914,0.9797305080410261
Word2Vec,Gradiente Boosting,None,0.9956502389659644,0.9930521091811414,0.9925812406299024,0.9911179382715515,0.9987878787878788,0.9950248756218905,0.9956635548366165,0.9930544560847651
