Vectorizer,Model,Scaler,Val Accuracy,Test Accuracy,Val Precision,Test Precision,Val Recall,Test Recall,Val F1 Score,Test F1 Score
BOW Unigram,Decision Tree Regularizado,None,0.7035777171494361,0.7116625310173698,0.7471410578169834,0.7457176525554445,0.708602265150248,0.731,0.6762403952621387,0.695240504133931
BOW Bigram,Decision Tree Regularizado,None,0.6737447030823707,0.6833746898263027,0.8525229357798164,0.851173425695092,0.5155899113330886,0.548,0.5902482623903134,0.6108017428662815
BOW Trigram,Decision Tree Regularizado,None,0.7016659894351889,0.6997518610421837,0.9035117056856187,0.8812523020257826,0.5602767907775079,0.5930000000000001,0.6272194772990531,0.640303221357252
TF-IDF Unigram,Decision Tree Regularizado,None,0.7246783150480833,0.7300248138957816,0.961002545672357,0.956533776301218,0.4736150077988743,0.4790000000000001,0.6202684778391199,0.6269555556293288
TF-IDF Bigram,Decision Tree Regularizado,None,0.7495443199628491,0.7602977667493797,0.9902024291497975,0.9816314467267622,0.5072381507454569,0.5279999999999999,0.6676176185204404,0.6821024653515368
TF-IDF Trigram,Decision Tree Regularizado,None,0.7563998374644453,0.7806451612903226,0.9532036199095023,0.9737491153734095,0.5554962582569575,0.576,0.6874079572790344,0.7107423442245643
Word2Vec,Decision Tree Regularizado,None,0.916094889804764,0.9136476426799007,0.9202096830507258,0.9042042600945093,0.9140887471331652,0.931,0.9155536982545156,0.9151162338260939
