Vectorizer,Model,Scaler,Val Accuracy,Test Accuracy,Val Precision,Test Precision,Val Recall,Test Recall,Val F1 Score,Test F1 Score
BOW Unigram,Decision Tree Regularizado,None,0.5224167872139753,0.5221390168970815,0.14094249891915261,0.13743977976600136,0.07836538461538461,0.07688161693936477,0.10072609300169937,0.09860511048018764
BOW Bigram,Decision Tree Regularizado,None,0.5142324598408805,0.5155913978494624,0.19209726443768999,0.18882282996432817,0.030672166949769476,0.030567853705486044,0.05289809583594894,0.052617627567925776
BOW Trigram,Decision Tree Regularizado,None,0.5325931942702576,0.5362135176651306,0.18749202297383535,0.18852698104035,0.06995238095238096,0.07464870067372473,0.10189006415814114,0.10694980694980696
TF-IDF Unigram,Decision Tree Regularizado,None,0.49968787805760906,0.5012480798771122,0.0,0.0,0.0,0.0,0.0,0.0
TF-IDF Bigram,Decision Tree Regularizado,None,0.5016559567807579,0.5021697388632873,0.11701244813278008,0.10808080808080808,0.013428571428571429,0.01235803657362849,0.02409226826142674,0.02217999654517188
TF-IDF Trigram,Decision Tree Regularizado,None,0.5313211433882223,0.5321620583717358,0.17689614935822637,0.17324840764331212,0.07288461538461538,0.07330125120307988,0.10323459312223357,0.10301636683349114
Word2Vec,Decision Tree Regularizado,None,0.7172860145322759,0.7205837173579109,0.7489993508480584,0.748266451993481,0.6631409894650069,0.6734167468719923,0.6991250505077847,0.7047141155823157
